SELECT USER
FROM DUAL;
--==>> HR

--■■■ 팀별 실습 과제 ■■■--

-- HR 스키마 ERD를 이용한 테이블 재구성~!!!!

-- 팀별로... HR 스키마에 있는 기본 테이블(7개)
-- COUNTRIES / DEPARTMENTS / EMPLOYEES / JOB_HISTORY / JOBS / LOCATIONS / REGIONS
-- 을 똑같이 새로 구성한다.

-- 단, 생성하는 테이블의 이름은 『테이블명+팀번호』

-- 1. 기존 테이블의 정보 수집
-- 2. 테이블 생성(컬럼 이름, 자료형, DEFAULT 표현식, NOT NULL 등...)
-- 3. 제약조건 설정(PK, UK, FK, CK, ... NN)
-- 4. 작성 후 데이터 입력
-- 5. 제출 항목
--    20190924_02_팀별실습과제_3조.sql
--    후기_3조.txt


SELECT *
FROM COUNTRIES;
SELECT *
FROM DEPARTMENTS;
SELECT *
FROM EMPLOYEES;
SELECT *
FROM JOB_HISTORY;
SELECT *
FROM JOBS;
SELECT *
FROM LOCATIONS;
SELECT *
FROM REGIONS;


-- COUNTRIES 테이블 정보 확인
DESC COUNTRIES;
--==>>
/*
이름           널?       유형           
------------ -------- ------------ 
COUNTRY_ID   NOT NULL CHAR(2)      
COUNTRY_NAME          VARCHAR2(40) 
REGION_ID             NUMBER   
*/

-- COUNTRIES 제약조건
SELECT *
FROM VIEW_CONSTCHECK
WHERE TABLE_NAME = 'COUNTRIES';
--==>>
/*
HR	COUNTRY_ID_NN	COUNTRIES	C	COUNTRY_ID	"COUNTRY_ID" IS NOT NULL	
HR	COUNTRY_C_ID_PK	COUNTRIES	P	COUNTRY_ID		
HR	COUNTR_REG_FK	COUNTRIES	R	REGION_ID		NO ACTION
*/

SELECT *
FROM VIEW_CONSTCHECK
WHERE TABLE_NAME IN ('COUNTRIES','DEPARTMENTS','EMPLOYEES', 'JOB_HISTORY','JOBS','LOCATIONS','REGIONS');

--------------------------------------------------------------------------------------------------------

-- JOBS3 테이블 생성
CREATE TABLE JOBS3
( JOB_ID        VARCHAR2(10 BYTE)
, JOB_TITLE     VARCHAR2(35 BYTE) CONSTRAINT "JOBS3_JOB_TITLE_NN" NOT NULL
, MIN_SALARY    NUMBER(6, 0)
, MAX_SALARY    NUMBER(6, 0)
, CONSTRAINT "JOBS3_JOB_ID_PK" PRIMARY KEY (JOB_ID)
);
--==>> Table JOBS3이(가) 생성되었습니다.

INSERT INTO JOBS3(JOB_ID, JOB_TITLE, MIN_SALARY, MAX_SALARY) 
VALUES('AD_PRES', 'President', 20080, 40000);
INSERT INTO JOBS3(JOB_ID, JOB_TITLE, MIN_SALARY, MAX_SALARY) 
VALUES('AD_VP', 'Administration Vice President', 15000, 30000);
INSERT INTO JOBS3(JOB_ID, JOB_TITLE, MIN_SALARY, MAX_SALARY) 
VALUES('AD_ASST', 'Administration Assistant', 3000, 6000);
INSERT INTO JOBS3(JOB_ID, JOB_TITLE, MIN_SALARY, MAX_SALARY) 
VALUES('FI_MGR', 'Finance Manager', 8200, 16000);
INSERT INTO JOBS3(JOB_ID, JOB_TITLE, MIN_SALARY, MAX_SALARY) 
VALUES('FI_ACCOUNT', 'Accountant', 4200, 9000);         
INSERT INTO JOBS3(JOB_ID, JOB_TITLE, MIN_SALARY, MAX_SALARY) 
VALUES('AC_MGR', 'Accounting Manager', 8200, 16000);               
INSERT INTO JOBS3(JOB_ID, JOB_TITLE, MIN_SALARY, MAX_SALARY) 
VALUES('AC_ACCOUNT', 'Public Accountant', 4200, 9000);         
INSERT INTO JOBS3(JOB_ID, JOB_TITLE, MIN_SALARY, MAX_SALARY) 
VALUES('SA_MAN', 'Sales Manager', 10000, 20080);            
INSERT INTO JOBS3(JOB_ID, JOB_TITLE, MIN_SALARY, MAX_SALARY) 
VALUES('SA_REP', 'Sales Representative', 6000, 12008);            
INSERT INTO JOBS3(JOB_ID, JOB_TITLE, MIN_SALARY, MAX_SALARY) 
VALUES('PU_MAN', 'Purchasing Manager', 8000, 15000);         
INSERT INTO JOBS3(JOB_ID, JOB_TITLE, MIN_SALARY, MAX_SALARY) 
VALUES('PU_CLERK', 'Purchasing Clerk', 2500, 5500);            
INSERT INTO JOBS3(JOB_ID, JOB_TITLE, MIN_SALARY, MAX_SALARY) 
VALUES('ST_MAN', 'Stock Manager', 5500, 8500);            
INSERT INTO JOBS3(JOB_ID, JOB_TITLE, MIN_SALARY, MAX_SALARY) 
VALUES('ST_CLERK', 'Stock Clerk', 2008, 5000);         
INSERT INTO JOBS3(JOB_ID, JOB_TITLE, MIN_SALARY, MAX_SALARY) 
VALUES('SH_CLERK', 'Shipping Clerk', 2500, 5500);            
INSERT INTO JOBS3(JOB_ID, JOB_TITLE, MIN_SALARY, MAX_SALARY) 
VALUES('IT_PROG', 'Programmer', 4000, 10000);            
INSERT INTO JOBS3(JOB_ID, JOB_TITLE, MIN_SALARY, MAX_SALARY) 
VALUES('MK_MAN', 'Marketing Manager', 9000, 15000);            
INSERT INTO JOBS3(JOB_ID, JOB_TITLE, MIN_SALARY, MAX_SALARY) 
VALUES('MK_REP', 'Marketing Representative', 4000, 9000);            
INSERT INTO JOBS3(JOB_ID, JOB_TITLE, MIN_SALARY, MAX_SALARY) 
VALUES('HR_REP', 'Human Resources Representative', 4000, 9000);
INSERT INTO JOBS3(JOB_ID, JOB_TITLE, MIN_SALARY, MAX_SALARY) 
VALUES('PR_REP', 'Public Relations Representative', 4500, 10500);
--==>> 1 행 이(가) 삽입되었습니다. * 19

-- 확인
SELECT *
FROM JOBS3;

---------------------------------------------------------------------------------------------------------


-- REGIONS3 테이블 생성
CREATE TABLE REGIONS3
( REGION_ID NUMBER CONSTRAINT "REGIONS3_REGION_ID_NN" NOT NULL
, REGION_NAME VARCHAR2(25 BYTE)
, CONSTRAINT "REGIONS3_REG_ID_PK" PRIMARY KEY (REGION_ID)
);
--==>> Table REGIONS3이(가) 생성되었습니다.

INSERT INTO REGIONS3(REGION_ID, REGION_NAME) 
VALUES(1, 'Europe');
INSERT INTO REGIONS3(REGION_ID, REGION_NAME) 
VALUES(2, 'Americas');
INSERT INTO REGIONS3(REGION_ID, REGION_NAME) 
VALUES(3, 'Asia');
INSERT INTO REGIONS3(REGION_ID, REGION_NAME) 
VALUES(4, 'Middle East and Africa');
--==>> 1 행 이(가) 삽입되었습니다. *4

-- 확인
SELECT *
FROM REGIONS3;

--------------------------------------------------------------------------------------------------------------


-- COUNTRIES3 테이블 생성
CREATE TABLE COUNTRIES3
( COUNTRY_ID    CHAR(2)    CONSTRAINT COUNTRY3_ID_NN NOT NULL
, COUNTRY_NAME  VARCHAR2(40)
, REGION_ID     NUMBER
);

-- 제약 조건 추가
ALTER TABLE COUNTRIES3
ADD ( CONSTRAINT COUNTRY3_C_ID_PK PRIMARY KEY(COUNTRY_ID)
    , CONSTRAINT COUNTR3_REG_FK FOREIGN KEY(REGION_ID)
                                REFERENCES REGIONS(REGION_ID)
    );

-- 제약 조건 삭제    
ALTER TABLE COUNTRIES3
DROP CONSTRAINT COUNTR3_REG_FK;

-- 제약 조건 다시 추가
ALTER TABLE COUNTRIES3
ADD ( CONSTRAINT COUNTR3_REG_FK FOREIGN KEY(REGION_ID)
                                REFERENCES REGIONS3(REGION_ID)
    );
    
-- 제약조건 확인
SELECT *
FROM VIEW_CONSTCHECK
WHERE TABLE_NAME = 'COUNTRIES3';   


-- 테이블 확인
SELECT *
FROM COUNTRIES3;


-- 데이터 추가
INSERT INTO COUNTRIES3 VALUES('AR','Argentina',2);
INSERT INTO COUNTRIES3 VALUES('AU','Austrlia',3);
INSERT INTO COUNTRIES3 VALUES('BE','Beligium',1);
INSERT INTO COUNTRIES3 VALUES('BR','Brazil',2);
INSERT INTO COUNTRIES3 VALUES('CA','Canada',2);
INSERT INTO COUNTRIES3 VALUES('CH','Switzerland',1);
INSERT INTO COUNTRIES3 VALUES('CN','China',3);
INSERT INTO COUNTRIES3 VALUES('DE','Germany',1);
INSERT INTO COUNTRIES3 VALUES('DK','Denmark',1);
INSERT INTO COUNTRIES3 VALUES('EG','Egypt',4);
INSERT INTO COUNTRIES3 VALUES('FR','France',1);
INSERT INTO COUNTRIES3 VALUES('IL','Israel',4);
INSERT INTO COUNTRIES3 VALUES('IN','India',3);
INSERT INTO COUNTRIES3 VALUES('IT','Italy',1);
INSERT INTO COUNTRIES3 VALUES('JP','Japan',3);
INSERT INTO COUNTRIES3 VALUES('KW','Kuwait',4);
INSERT INTO COUNTRIES3 VALUES('ML','Malaysia',3);
INSERT INTO COUNTRIES3 VALUES('MX','Mexico',2);
INSERT INTO COUNTRIES3 VALUES('NG','Nigeria',4);
INSERT INTO COUNTRIES3 VALUES('NL','Netherlands',1);
INSERT INTO COUNTRIES3 VALUES('SG','Singapore',3);
INSERT INTO COUNTRIES3 VALUES('UK','United Kingdom',1);
INSERT INTO COUNTRIES3 VALUES('US','United States of America',2);
INSERT INTO COUNTRIES3 VALUES('ZM','Zambia',4);
INSERT INTO COUNTRIES3 VALUES('ZW','Zimbabwe',4);
--==>> 1 행 이(가) 삽입되었습니다. 


--확인
SELECT *
FROM COUNTRIES3;

--------------------------------------------------------------------------------------------------------------------

--LOCATIONS3

--LOCATION3 테이블 생성
CREATE TABLE LOCATIONS3
( LOCATION_ID       NUMBER(4)    
, STREET_ADDRESS    VARCHAR2(40)
, POSTAL_CODE       VARCHAR2(12)
, CITY              VARCHAR2(30) CONSTRAINT "LOC3_LOC_CITY_NN" NOT NULL
, STATE_PROVINCE    VARCHAR2(25)
, COUNTRY_ID        CHAR(2)
, CONSTRAINT "LOC3_LOC_ID_PK" PRIMARY KEY(LOCATION_ID)
, CONSTRAINT "LOC3_LOC_C_ID_FK" FOREIGN KEY (COUNTRY_ID)
REFERENCES "COUNTRIES3" (COUNTRY_ID)
);
--==>>Table LOCATIONS3이(가) 생성되었습니다.


--제약조건 확인
SELECT *
FROM VIEW_CONSTCHECK
WHERE TABLE_NAME = 'LOCATIONS';
/*
HR   LOC3_LOC_CITY_NN   LOCATIONS3   C   CITY   "CITY" IS NOT NULL   
HR   LOC3_LOC_ID_PK       LOCATIONS3       P   LOCATION_ID      
HR   LOC3_LOC_C_ID_FK   LOCATIONS3   R   COUNTRY_ID                  NO ACTION
*/
SELECT *
FROM VIEW_CONSTCHECK
WHERE TABLE_NAME = 'LOCATIONS3';
/*
HR   LOC_CITY_NN   LOCATIONS   C   CITY           "CITY" IS NOT NULL   
HR   LOC_ID_PK      LOCATIONS   P   LOCATION_ID      
HR   LOC_C_ID_FK   LOCATIONS   R   COUNTRY_ID                           NO ACTION
*/


--LOCATIONS3 데이터입력
INSERT INTO LOCATIONS3(LOCATION_ID, STREET_ADDRESS, POSTAL_CODE, CITY, STATE_PROVINCE, COUNTRY_ID) 
            VALUES (1000, '1297 Via Cola di Rie', '00989', 'Roma', NULL, 'IT');
INSERT INTO LOCATIONS3(LOCATION_ID, STREET_ADDRESS, POSTAL_CODE, CITY, STATE_PROVINCE, COUNTRY_ID) 
            VALUES (1100, '93091 Calle della Testa', '10934', 'Venice', NULL, 'IT');  
INSERT INTO LOCATIONS3(LOCATION_ID, STREET_ADDRESS, POSTAL_CODE, CITY, STATE_PROVINCE, COUNTRY_ID) 
            VALUES (1200, '2017 Shinjuku-ku', '1689', 'Tokyo', 'Tokyo Prefecture', 'JP');
INSERT INTO LOCATIONS3(LOCATION_ID, STREET_ADDRESS, POSTAL_CODE, CITY, STATE_PROVINCE, COUNTRY_ID) 
            VALUES (1300, '9450 Kamiya-cho', '6823', 'Hiroshima', NULL, 'JP');
INSERT INTO LOCATIONS3(LOCATION_ID, STREET_ADDRESS, POSTAL_CODE, CITY, STATE_PROVINCE, COUNTRY_ID) 
            VALUES (1400, '2014 Jabberwocky Rd', '26192','Southlake', 'Texas', 'US');
INSERT INTO LOCATIONS3(LOCATION_ID, STREET_ADDRESS, POSTAL_CODE, CITY, STATE_PROVINCE, COUNTRY_ID) 
            VALUES (1500, '2011 Interiors Blvd', '99236','South San Francisco', 'California', 'US');
INSERT INTO LOCATIONS3(LOCATION_ID, STREET_ADDRESS, POSTAL_CODE, CITY, STATE_PROVINCE, COUNTRY_ID) 
            VALUES (1600, '2007 Zagora St', '50090','South Brunswick',' New Jersey', 'US');
INSERT INTO LOCATIONS3(LOCATION_ID, STREET_ADDRESS, POSTAL_CODE, CITY, STATE_PROVINCE, COUNTRY_ID) 
            VALUES (1700,'2004 Charade Rd', '98199','Seattle', 'Washington', 'US');
INSERT INTO LOCATIONS3(LOCATION_ID, STREET_ADDRESS, POSTAL_CODE, CITY, STATE_PROVINCE, COUNTRY_ID) 
            VALUES (1800,'147 Spadina Ave',' M5V 2L7','Toronto', 'Ontario', 'CA');
INSERT INTO LOCATIONS3(LOCATION_ID, STREET_ADDRESS, POSTAL_CODE, CITY, STATE_PROVINCE, COUNTRY_ID) 
            VALUES (1900,'6092 Boxwood St', 'YSW 9T2','Whitehorse', 'Yukon', 'CA');
INSERT INTO LOCATIONS3(LOCATION_ID, STREET_ADDRESS, POSTAL_CODE, CITY, STATE_PROVINCE, COUNTRY_ID) 
            VALUES (2000,'40-5-12 Laogianggen', '190518','Beijing', NULL,'CN');
INSERT INTO LOCATIONS3(LOCATION_ID, STREET_ADDRESS, POSTAL_CODE, CITY, STATE_PROVINCE, COUNTRY_ID) 
            VALUES (2100,'1298 Vileparle (E)',' 490231','Bombay', 'Maharashtra', 'IN');
INSERT INTO LOCATIONS3(LOCATION_ID, STREET_ADDRESS, POSTAL_CODE, CITY, STATE_PROVINCE, COUNTRY_ID) 
            VALUES (2200,'12-98 Victoria Street', '2901','Sydney', 'New South Wales','AU');
INSERT INTO LOCATIONS3(LOCATION_ID, STREET_ADDRESS, POSTAL_CODE, CITY, STATE_PROVINCE, COUNTRY_ID) 
            VALUES (2300,'198 Clementi North', '540198','Singapore',NULL, 'SG');
INSERT INTO LOCATIONS3(LOCATION_ID, STREET_ADDRESS, POSTAL_CODE, CITY, STATE_PROVINCE, COUNTRY_ID) 
            VALUES (2400,'8204 Arthur St', NULL,'London',NULL, 'UK');
INSERT INTO LOCATIONS3(LOCATION_ID, STREET_ADDRESS, POSTAL_CODE, CITY, STATE_PROVINCE, COUNTRY_ID) 
            VALUES (2500,'Magdalen Centre, The Oxford Science Park', 'OX9 9ZB','Oxford','Oxford', 'UK');
INSERT INTO LOCATIONS3(LOCATION_ID, STREET_ADDRESS, POSTAL_CODE, CITY, STATE_PROVINCE, COUNTRY_ID) 
            VALUES (2600,'9702 Chester Road', '09629850293', 'Stretford','Manchester','UK');
INSERT INTO LOCATIONS3(LOCATION_ID, STREET_ADDRESS, POSTAL_CODE, CITY, STATE_PROVINCE, COUNTRY_ID) 
            VALUES (2700,'Schwanthalerstr. 7031', '80925', 'Munich','Bavaria','DE');
INSERT INTO LOCATIONS3(LOCATION_ID, STREET_ADDRESS, POSTAL_CODE, CITY, STATE_PROVINCE, COUNTRY_ID) 
            VALUES (2800,'Rua Frei Caneca 1360' , '01307-002', 'Sao Paulo','Sao Paulo','BR');
INSERT INTO LOCATIONS3(LOCATION_ID, STREET_ADDRESS, POSTAL_CODE, CITY, STATE_PROVINCE, COUNTRY_ID) 
            VALUES (2900,'20 Rue des Corps-Saints' , '1730', 'Geneva','Geneve','CH');
INSERT INTO LOCATIONS3(LOCATION_ID, STREET_ADDRESS, POSTAL_CODE, CITY, STATE_PROVINCE, COUNTRY_ID) 
            VALUES (3000,'Murtenstrasse 921', '3095', 'Bern','BE','CH');
INSERT INTO LOCATIONS3(LOCATION_ID, STREET_ADDRESS, POSTAL_CODE, CITY, STATE_PROVINCE, COUNTRY_ID) 
            VALUES (3100,'Pieter Breughelstraat 837', '3029SK', 'Utrecht','Utrecht','NL');   
INSERT INTO LOCATIONS3(LOCATION_ID, STREET_ADDRESS, POSTAL_CODE, CITY, STATE_PROVINCE, COUNTRY_ID) 
            VALUES (3200,'Mariano Escobedo 9991', '11932', 'Mexico City', 'Distrito Federal,','MX');         
            
            
SELECT *            
FROM LOCATIONS3;           

------------------------------------------------------------------------------------------------------------------

-- DEPARTMENTS3
-- DEPARTMENTS3 테이블 생성
CREATE TABLE DEPARTMENTS3
( DEPARTMENT_ID     NUMBER(4)
, DEPARTMENT_NAME   VARCHAR2(30) CONSTRAINT "DEPT3_NAME_NN" NOT NULL 
, MANAGER_ID        NUMBER(6)
, LOCATION_ID       NUMBER(4)
, CONSTRAINT DEPT3_ID_PK PRIMARY KEY(DEPARTMENT_ID)
);
--==>> Table DEPARTMENTS3이(가) 생성되었습니다.

ALTER TABLE DEPARTMENTS3
ADD CONSTRAINT DEPT3_LOC_FK FOREIGN KEY(LOCATION_ID)
                            REFERENCES LOCATIONS3(LOCATION_ID);
--==>> Table DEPARTMENTS3이(가) 변경되었습니다.

ALTER TABLE DEPARTMENTS3
ADD CONSTRAINT DEPT3_MGR_FK FOREIGN KEY(MANAGER_ID)
                            REFERENCES EMPLOYEES3(EMPLOYEE_ID);  
--==>> Table DEPARTMENTS3이(가) 변경되었습니다.
    
-- 제약조건 확인
SELECT *
FROM VIEW_CONSTCHECK
WHERE TABLE_NAME = 'DEPARTMENTS';
--==>>
/*
HR   DEPT_NAME_NN   DEPARTMENTS   C   DEPARTMENT_NAME   "DEPARTMENT_NAME" IS NOT NULL   
HR   DEPT_ID_PK       DEPARTMENTS   P   DEPARTMENT_ID      
HR   DEPT_LOC_FK       DEPARTMENTS   R   LOCATION_ID      NO ACTION
HR   DEPT_MGR_FK       DEPARTMENTS   R   MANAGER_ID      NO ACTION
*/

-- 제약조건 확인
SELECT *
FROM VIEW_CONSTCHECK
WHERE TABLE_NAME = 'DEPARTMENTS3';
--==>>
/*
HR   DEPT3_NAME_NN   DEPARTMENTS3   C   DEPARTMENT_NAME   "DEPARTMENT_NAME" IS NOT NULL   
HR   DEPT3_ID_PK       DEPARTMENTS3   P   DEPARTMENT_ID      
HR   DEPT3_LOC_FK   DEPARTMENTS3   R   LOCATION_ID      NO ACTION   
*/

-- DEPARTMENTS3 데이터 입력

INSERT INTO DEPARTMENTS3(DEPARTMENT_ID, DEPARTMENT_NAME, MANAGER_ID, LOCATION_ID) VALUES (10, 'Administration', 200, 1700);
INSERT INTO DEPARTMENTS3(DEPARTMENT_ID, DEPARTMENT_NAME, MANAGER_ID, LOCATION_ID) VALUES (20, 'Marketing', 201, 1800);
INSERT INTO DEPARTMENTS3(DEPARTMENT_ID, DEPARTMENT_NAME, MANAGER_ID, LOCATION_ID) VALUES (30, 'Purchasing', 114, 1700);
INSERT INTO DEPARTMENTS3(DEPARTMENT_ID, DEPARTMENT_NAME, MANAGER_ID, LOCATION_ID) VALUES (40, 'Human Resources', 203, 2400);
INSERT INTO DEPARTMENTS3(DEPARTMENT_ID, DEPARTMENT_NAME, MANAGER_ID, LOCATION_ID) VALUES (50, 'Shipping', 121, 1500);
INSERT INTO DEPARTMENTS3(DEPARTMENT_ID, DEPARTMENT_NAME, MANAGER_ID, LOCATION_ID) VALUES (60, 'IT', 103, 1400);
INSERT INTO DEPARTMENTS3(DEPARTMENT_ID, DEPARTMENT_NAME, MANAGER_ID, LOCATION_ID) VALUES (70, 'Public Relations', 204, 2700);
INSERT INTO DEPARTMENTS3(DEPARTMENT_ID, DEPARTMENT_NAME, MANAGER_ID, LOCATION_ID) VALUES (80, 'Sales', 145, 2500);
INSERT INTO DEPARTMENTS3(DEPARTMENT_ID, DEPARTMENT_NAME, MANAGER_ID, LOCATION_ID) VALUES (90, 'Executive', 100, 1700);
INSERT INTO DEPARTMENTS3(DEPARTMENT_ID, DEPARTMENT_NAME, MANAGER_ID, LOCATION_ID) VALUES (100, 'Finance', 108, 1700);

INSERT INTO DEPARTMENTS3(DEPARTMENT_ID, DEPARTMENT_NAME, MANAGER_ID, LOCATION_ID) VALUES (110, 'Accounting', 205, 1700);
INSERT INTO DEPARTMENTS3(DEPARTMENT_ID, DEPARTMENT_NAME, MANAGER_ID, LOCATION_ID) VALUES (120, 'Treasury', NULL, 1700);
INSERT INTO DEPARTMENTS3(DEPARTMENT_ID, DEPARTMENT_NAME, MANAGER_ID, LOCATION_ID) VALUES (130, 'Corporate Tax', NULL, 1700);
INSERT INTO DEPARTMENTS3(DEPARTMENT_ID, DEPARTMENT_NAME, MANAGER_ID, LOCATION_ID) VALUES (140, 'Control And Credit', NULL, 1700);
INSERT INTO DEPARTMENTS3(DEPARTMENT_ID, DEPARTMENT_NAME, MANAGER_ID, LOCATION_ID) VALUES (150, 'Shareholder Services', NULL, 1700);
INSERT INTO DEPARTMENTS3(DEPARTMENT_ID, DEPARTMENT_NAME, MANAGER_ID, LOCATION_ID) VALUES (160, 'Benefits', NULL, 1700);
INSERT INTO DEPARTMENTS3(DEPARTMENT_ID, DEPARTMENT_NAME, MANAGER_ID, LOCATION_ID) VALUES (170, 'Manufacturing', NULL, 1700);
INSERT INTO DEPARTMENTS3(DEPARTMENT_ID, DEPARTMENT_NAME, MANAGER_ID, LOCATION_ID) VALUES (180, 'Construction', NULL, 1700);
INSERT INTO DEPARTMENTS3(DEPARTMENT_ID, DEPARTMENT_NAME, MANAGER_ID, LOCATION_ID) VALUES (190, 'Contracting', NULL, 1700);
INSERT INTO DEPARTMENTS3(DEPARTMENT_ID, DEPARTMENT_NAME, MANAGER_ID, LOCATION_ID) VALUES (200, 'Operations', NULL, 1700);

INSERT INTO DEPARTMENTS3(DEPARTMENT_ID, DEPARTMENT_NAME, MANAGER_ID, LOCATION_ID) VALUES (210, 'IT Support', NULL, 1700);
INSERT INTO DEPARTMENTS3(DEPARTMENT_ID, DEPARTMENT_NAME, MANAGER_ID, LOCATION_ID) VALUES (220, 'NOC', NULL, 1700);
INSERT INTO DEPARTMENTS3(DEPARTMENT_ID, DEPARTMENT_NAME, MANAGER_ID, LOCATION_ID) VALUES (230, 'IT Helpdesk', NULL, 1700);
INSERT INTO DEPARTMENTS3(DEPARTMENT_ID, DEPARTMENT_NAME, MANAGER_ID, LOCATION_ID) VALUES (240, 'Government Sales', NULL, 1700);
INSERT INTO DEPARTMENTS3(DEPARTMENT_ID, DEPARTMENT_NAME, MANAGER_ID, LOCATION_ID) VALUES (250, 'Retail Sales', NULL, 1700);
INSERT INTO DEPARTMENTS3(DEPARTMENT_ID, DEPARTMENT_NAME, MANAGER_ID, LOCATION_ID) VALUES (260, 'Recruiting', NULL, 1700);
INSERT INTO DEPARTMENTS3(DEPARTMENT_ID, DEPARTMENT_NAME, MANAGER_ID, LOCATION_ID) VALUES (270, 'Payroll', NULL, 1700);

-- 확인
SELECT *
FROM DEPARTMENTS3;

-------------------------------------------------------------------------------------------------------------------------------

-- EMPLOYEES3
-- EMPLOYEES3 테이블 생성
CREATE TABLE EMPLOYEES3
( EMPLOYEE_ID       NUMBER(6)       CONSTRAINT EMP3_EMP_ID_PK PRIMARY KEY
, FIRST_NAME        VARCHAR2(20)    
, LAST_NAME         VARCHAR2(25)    CONSTRAINT EMP3_LAST_NAME_NN NOT NULL
, EMAIL             VARCHAR2(25)    CONSTRAINT EMP3_EMAIL_NN NOT NULL
, PHONE_NUMBER      VARCHAR2(20)    
, HIRE_DATE         DATE            CONSTRAINT EMP3_HIRE_DATE_NN NOT NULL
, JOB_ID            VARCHAR2(10)    CONSTRAINT EMP3_JOB_NN NOT NULL
, SALARY            NUMBER(8,2)     CONSTRAINT EMP3_SALARY_MIN CHECK(SALARY > 0)
, COMMISSION_PCT    NUMBER(2,2)
, MANAGER_ID        NUMBER(6)       CONSTRAINT EMP3_MANAGER_FK REFERENCES EMPLOYEES3(EMPLOYEE_ID)
, DEPARTMENT_ID     NUMBER(4)       CONSTRAINT EMP3_DEPT_FK REFERENCES DEPARTMENTS3(DEPARTMENT_ID)
);
--==>> Table EMPLOYEES3이(가) 생성되었습니다.

ALTER TABLE EMPLOYEES3
ADD ( CONSTRAINT EMP3_EMAIL_UK UNIQUE(EMAIL)
    , CONSTRAINT EMP3_JOB_FK FOREIGN KEY(JOB_ID)
                 REFERENCES JOBS3(JOB_ID) );

--==>> Table EMPLOYEES3이(가) 변경되었습니다.


SELECT 'INSERT INTO EMPLOYEES3 VALUES(' || employee_id || ',' || '''' || first_name|| '''' || ',' || '''' || last_name|| '''' || ',' || '''' || email|| '''' || ',' || '''' || phone_number|| '''' || ',' || 'TO_DATE(''' || hire_date ||''', ''YY/MM/DD'')'|| ',' || '''' ||job_id|| '''' || ',' || salary || ',' || NVL(commission_pct,NULL) || ',' || NVL(manager_id, NULL) || ',' || NVL(department_id, NULL)||');'                      
FROM EMPLOYEES
WHERE EMPLOYEE_ID BETWEEN 100 AND 149;
INSERT INTO EMPLOYEES3 VALUES(100,'Steven','King','SKING','515.123.4567',TO_DATE('03/06/17', 'YY/MM/DD'),'AD_PRES',24000,NULL,NULL,90);
INSERT INTO EMPLOYEES3 VALUES(101,'Neena','Kochhar','NKOCHHAR','515.123.4568',TO_DATE('05/09/21', 'YY/MM/DD'),'AD_VP',17000,NULL,100,90);
INSERT INTO EMPLOYEES3 VALUES(102,'Lex','De Haan','LDEHAAN','515.123.4569',TO_DATE('01/01/13', 'YY/MM/DD'),'AD_VP',17000,NULL,100,90);
INSERT INTO EMPLOYEES3 VALUES(103,'Alexander','Hunold','AHUNOLD','590.423.4567',TO_DATE('06/01/03', 'YY/MM/DD'),'IT_PROG',9000,NULL,102,60);
INSERT INTO EMPLOYEES3 VALUES(104,'Bruce','Ernst','BERNST','590.423.4568',TO_DATE('07/05/21', 'YY/MM/DD'),'IT_PROG',6000,NULL,103,60);
INSERT INTO EMPLOYEES3 VALUES(105,'David','Austin','DAUSTIN','590.423.4569',TO_DATE('05/06/25', 'YY/MM/DD'),'IT_PROG',4800,NULL,103,60);
INSERT INTO EMPLOYEES3 VALUES(106,'Valli','Pataballa','VPATABAL','590.423.4560',TO_DATE('06/02/05', 'YY/MM/DD'),'IT_PROG',4800,NULL,103,60);
INSERT INTO EMPLOYEES3 VALUES(107,'Diana','Lorentz','DLORENTZ','590.423.5567',TO_DATE('07/02/07', 'YY/MM/DD'),'IT_PROG',4200,NULL,103,60);
INSERT INTO EMPLOYEES3 VALUES(108,'Nancy','Greenberg','NGREENBE','515.124.4569',TO_DATE('02/08/17', 'YY/MM/DD'),'FI_MGR',12008,NULL,101,100);
INSERT INTO EMPLOYEES3 VALUES(109,'Daniel','Faviet','DFAVIET','515.124.4169',TO_DATE('02/08/16', 'YY/MM/DD'),'FI_ACCOUNT',9000,NULL,108,100);
INSERT INTO EMPLOYEES3 VALUES(110,'John','Chen','JCHEN','515.124.4269',TO_DATE('05/09/28', 'YY/MM/DD'),'FI_ACCOUNT',8200,NULL,108,100);
INSERT INTO EMPLOYEES3 VALUES(111,'Ismael','Sciarra','ISCIARRA','515.124.4369',TO_DATE('05/09/30', 'YY/MM/DD'),'FI_ACCOUNT',7700,NULL,108,100);
INSERT INTO EMPLOYEES3 VALUES(112,'Jose Manuel','Urman','JMURMAN','515.124.4469',TO_DATE('06/03/07', 'YY/MM/DD'),'FI_ACCOUNT',7800,NULL,108,100);
INSERT INTO EMPLOYEES3 VALUES(113,'Luis','Popp','LPOPP','515.124.4567',TO_DATE('07/12/07', 'YY/MM/DD'),'FI_ACCOUNT',6900,NULL,108,100);
INSERT INTO EMPLOYEES3 VALUES(114,'Den','Raphaely','DRAPHEAL','515.127.4561',TO_DATE('02/12/07', 'YY/MM/DD'),'PU_MAN',11000,NULL,100,30);
INSERT INTO EMPLOYEES3 VALUES(115,'Alexander','Khoo','AKHOO','515.127.4562',TO_DATE('03/05/18', 'YY/MM/DD'),'PU_CLERK',3100,NULL,114,30);
INSERT INTO EMPLOYEES3 VALUES(116,'Shelli','Baida','SBAIDA','515.127.4563',TO_DATE('05/12/24', 'YY/MM/DD'),'PU_CLERK',2900,NULL,114,30);
INSERT INTO EMPLOYEES3 VALUES(117,'Sigal','Tobias','STOBIAS','515.127.4564',TO_DATE('05/07/24', 'YY/MM/DD'),'PU_CLERK',2800,NULL,114,30);
INSERT INTO EMPLOYEES3 VALUES(118,'Guy','Himuro','GHIMURO','515.127.4565',TO_DATE('06/11/15', 'YY/MM/DD'),'PU_CLERK',2600,NULL,114,30);
INSERT INTO EMPLOYEES3 VALUES(119,'Karen','Colmenares','KCOLMENA','515.127.4566',TO_DATE('07/08/10', 'YY/MM/DD'),'PU_CLERK',2500,NULL,114,30);
INSERT INTO EMPLOYEES3 VALUES(120,'Matthew','Weiss','MWEISS','650.123.1234',TO_DATE('04/07/18', 'YY/MM/DD'),'ST_MAN',8000,NULL,100,50);
INSERT INTO EMPLOYEES3 VALUES(121,'Adam','Fripp','AFRIPP','650.123.2234',TO_DATE('05/04/10', 'YY/MM/DD'),'ST_MAN',8200,NULL,100,50);
INSERT INTO EMPLOYEES3 VALUES(122,'Payam','Kaufling','PKAUFLIN','650.123.3234',TO_DATE('03/05/01', 'YY/MM/DD'),'ST_MAN',7900,NULL,100,50);
INSERT INTO EMPLOYEES3 VALUES(123,'Shanta','Vollman','SVOLLMAN','650.123.4234',TO_DATE('05/10/10', 'YY/MM/DD'),'ST_MAN',6500,NULL,100,50);
INSERT INTO EMPLOYEES3 VALUES(124,'Kevin','Mourgos','KMOURGOS','650.123.5234',TO_DATE('07/11/16', 'YY/MM/DD'),'ST_MAN',5800,NULL,100,50);
INSERT INTO EMPLOYEES3 VALUES(125,'Julia','Nayer','JNAYER','650.124.1214',TO_DATE('05/07/16', 'YY/MM/DD'),'ST_CLERK',3200,NULL,120,50);
INSERT INTO EMPLOYEES3 VALUES(126,'Irene','Mikkilineni','IMIKKILI','650.124.1224',TO_DATE('06/09/28', 'YY/MM/DD'),'ST_CLERK',2700,NULL,120,50);
INSERT INTO EMPLOYEES3 VALUES(127,'James','Landry','JLANDRY','650.124.1334',TO_DATE('07/01/14', 'YY/MM/DD'),'ST_CLERK',2400,NULL,120,50);
INSERT INTO EMPLOYEES3 VALUES(128,'Steven','Markle','SMARKLE','650.124.1434',TO_DATE('08/03/08', 'YY/MM/DD'),'ST_CLERK',2200,NULL,120,50);
INSERT INTO EMPLOYEES3 VALUES(129,'Laura','Bissot','LBISSOT','650.124.5234',TO_DATE('05/08/20', 'YY/MM/DD'),'ST_CLERK',3300,NULL,121,50);
INSERT INTO EMPLOYEES3 VALUES(130,'Mozhe','Atkinson','MATKINSO','650.124.6234',TO_DATE('05/10/30', 'YY/MM/DD'),'ST_CLERK',2800,NULL,121,50);
INSERT INTO EMPLOYEES3 VALUES(131,'James','Marlow','JAMRLOW','650.124.7234',TO_DATE('05/02/16', 'YY/MM/DD'),'ST_CLERK',2500,NULL,121,50);
INSERT INTO EMPLOYEES3 VALUES(132,'TJ','Olson','TJOLSON','650.124.8234',TO_DATE('07/04/10', 'YY/MM/DD'),'ST_CLERK',2100,NULL,121,50);
INSERT INTO EMPLOYEES3 VALUES(133,'Jason','Mallin','JMALLIN','650.127.1934',TO_DATE('04/06/14', 'YY/MM/DD'),'ST_CLERK',3300,NULL,122,50);
INSERT INTO EMPLOYEES3 VALUES(134,'Michael','Rogers','MROGERS','650.127.1834',TO_DATE('06/08/26', 'YY/MM/DD'),'ST_CLERK',2900,NULL,122,50);
INSERT INTO EMPLOYEES3 VALUES(135,'Ki','Gee','KGEE','650.127.1734',TO_DATE('07/12/12', 'YY/MM/DD'),'ST_CLERK',2400,NULL,122,50);
INSERT INTO EMPLOYEES3 VALUES(136,'Hazel','Philtanker','HPHILTAN','650.127.1634',TO_DATE('08/02/06', 'YY/MM/DD'),'ST_CLERK',2200,NULL,122,50);
INSERT INTO EMPLOYEES3 VALUES(137,'Renske','Ladwig','RLADWIG','650.121.1234',TO_DATE('03/07/14', 'YY/MM/DD'),'ST_CLERK',3600,NULL,123,50);
INSERT INTO EMPLOYEES3 VALUES(138,'Stephen','Stiles','SSTILES','650.121.2034',TO_DATE('05/10/26', 'YY/MM/DD'),'ST_CLERK',3200,NULL,123,50);
INSERT INTO EMPLOYEES3 VALUES(139,'John','Seo','JSEO','650.121.2019',TO_DATE('06/02/12', 'YY/MM/DD'),'ST_CLERK',2700,NULL,123,50);
INSERT INTO EMPLOYEES3 VALUES(140,'Joshua','Patel','JPATEL','650.121.1834',TO_DATE('06/04/06', 'YY/MM/DD'),'ST_CLERK',2500,NULL,123,50);
INSERT INTO EMPLOYEES3 VALUES(141,'Trenna','Rajs','TRAJS','650.121.8009',TO_DATE('03/10/17', 'YY/MM/DD'),'ST_CLERK',3500,NULL,124,50);
INSERT INTO EMPLOYEES3 VALUES(142,'Curtis','Davies','CDAVIES','650.121.2994',TO_DATE('05/01/29', 'YY/MM/DD'),'ST_CLERK',3100,NULL,124,50);
INSERT INTO EMPLOYEES3 VALUES(143,'Randall','Matos','RMATOS','650.121.2874',TO_DATE('06/03/15', 'YY/MM/DD'),'ST_CLERK',2600,NULL,124,50);
INSERT INTO EMPLOYEES3 VALUES(144,'Peter','Vargas','PVARGAS','650.121.2004',TO_DATE('06/07/09', 'YY/MM/DD'),'ST_CLERK',2500,NULL,124,50);
INSERT INTO EMPLOYEES3 VALUES(145,'John','Russell','JRUSSEL','011.44.1344.429268',TO_DATE('04/10/01', 'YY/MM/DD'),'SA_MAN',14000,0.4,100,80);
INSERT INTO EMPLOYEES3 VALUES(146,'Karen','Partners','KPARTNER','011.44.1344.467268',TO_DATE('05/01/05', 'YY/MM/DD'),'SA_MAN',13500,0.3,100,80);
INSERT INTO EMPLOYEES3 VALUES(147,'Alberto','Errazuriz','AERRAZUR','011.44.1344.429278',TO_DATE('05/03/10', 'YY/MM/DD'),'SA_MAN',12000,0.3,100,80);
INSERT INTO EMPLOYEES3 VALUES(148,'Gerald','Cambrault','GCAMBRAU','011.44.1344.619268',TO_DATE('07/10/15', 'YY/MM/DD'),'SA_MAN',11000,0.3,100,80);
INSERT INTO EMPLOYEES3 VALUES(149,'Eleni','Zlotkey','EZLOTKEY','011.44.1344.429018',TO_DATE('08/01/29', 'YY/MM/DD'),'SA_MAN',10500,0.2,100,80);
INSERT INTO EMPLOYEES3 VALUES(150,'Peter','Tucker','PTUCKER','011.44.1344.129268',TO_DATE('05/01/30', 'YY/MM/DD'),'SA_REP',10000,0.3,145,80);
INSERT INTO EMPLOYEES3 VALUES(151,'David','Bernstein','DBERNSTE','011.44.1344.345268',TO_DATE('05/03/24', 'YY/MM/DD'),'SA_REP',9500,0.25,145,80);
INSERT INTO EMPLOYEES3 VALUES(152,'Peter','Hall','PHALL','011.44.1344.478968',TO_DATE('05/08/20', 'YY/MM/DD'),'SA_REP',9000,0.25,145,80);
INSERT INTO EMPLOYEES3 VALUES(153,'Christopher','Olsen','COLSEN','011.44.1344.498718',TO_DATE('06/03/30', 'YY/MM/DD'),'SA_REP',8000,0.2,145,80);
INSERT INTO EMPLOYEES3 VALUES(154,'Nanette','Cambrault','NCAMBRAU','011.44.1344.987668',TO_DATE('06/12/09', 'YY/MM/DD'),'SA_REP',7500,0.2,145,80);
INSERT INTO EMPLOYEES3 VALUES(155,'Oliver','Tuvault','OTUVAULT','011.44.1344.486508',TO_DATE('07/11/23', 'YY/MM/DD'),'SA_REP',7000,0.15,145,80);
INSERT INTO EMPLOYEES3 VALUES(156,'Janette','King','JKING','011.44.1345.429268',TO_DATE('04/01/30', 'YY/MM/DD'),'SA_REP',10000,0.35,146,80);
INSERT INTO EMPLOYEES3 VALUES(157,'Patrick','Sully','PSULLY','011.44.1345.929268',TO_DATE('04/03/04', 'YY/MM/DD'),'SA_REP',9500,0.35,146,80);
INSERT INTO EMPLOYEES3 VALUES(158,'Allan','McEwen','AMCEWEN','011.44.1345.829268',TO_DATE('04/08/01', 'YY/MM/DD'),'SA_REP',9000,0.35,146,80);
INSERT INTO EMPLOYEES3 VALUES(159,'Lindsey','Smith','LSMITH','011.44.1345.729268',TO_DATE('05/03/10', 'YY/MM/DD'),'SA_REP',8000,0.3,146,80);
INSERT INTO EMPLOYEES3 VALUES(160,'Louise','Doran','LDORAN','011.44.1345.629268',TO_DATE('05/12/15', 'YY/MM/DD'),'SA_REP',7500,0.3,146,80);
INSERT INTO EMPLOYEES3 VALUES(161,'Sarath','Sewall','SSEWALL','011.44.1345.529268',TO_DATE('06/11/03', 'YY/MM/DD'),'SA_REP',7000,0.25,146,80);
INSERT INTO EMPLOYEES3 VALUES(162,'Clara','Vishney','CVISHNEY','011.44.1346.129268',TO_DATE('05/11/11', 'YY/MM/DD'),'SA_REP',10500,0.25,147,80);
INSERT INTO EMPLOYEES3 VALUES(163,'Danielle','Greene','DGREENE','011.44.1346.229268',TO_DATE('07/03/19', 'YY/MM/DD'),'SA_REP',9500,0.15,147,80);
INSERT INTO EMPLOYEES3 VALUES(164,'Mattea','Marvins','MMARVINS','011.44.1346.329268',TO_DATE('08/01/24', 'YY/MM/DD'),'SA_REP',7200,0.1,147,80);
INSERT INTO EMPLOYEES3 VALUES(165,'David','Lee','DLEE','011.44.1346.529268',TO_DATE('08/02/23', 'YY/MM/DD'),'SA_REP',6800,0.1,147,80);
INSERT INTO EMPLOYEES3 VALUES(166,'Sundar','Ande','SANDE','011.44.1346.629268',TO_DATE('08/03/24', 'YY/MM/DD'),'SA_REP',6400,0.1,147,80);
INSERT INTO EMPLOYEES3 VALUES(167,'Amit','Banda','ABANDA','011.44.1346.729268',TO_DATE('08/04/21', 'YY/MM/DD'),'SA_REP',6200,0.1,147,80);
INSERT INTO EMPLOYEES3 VALUES(168,'Lisa','Ozer','LOZER','011.44.1343.929268',TO_DATE('05/03/11', 'YY/MM/DD'),'SA_REP',11500,0.25,148,80);
INSERT INTO EMPLOYEES3 VALUES(169,'Harrison','Bloom','HBLOOM','011.44.1343.829268',TO_DATE('06/03/23', 'YY/MM/DD'),'SA_REP',10000,0.2,148,80);
INSERT INTO EMPLOYEES3 VALUES(170,'Tayler','Fox','TFOX','011.44.1343.729268',TO_DATE('06/01/24', 'YY/MM/DD'),'SA_REP',9600,0.2,148,80);
INSERT INTO EMPLOYEES3 VALUES(171,'William','Smith','WSMITH','011.44.1343.629268',TO_DATE('07/02/23', 'YY/MM/DD'),'SA_REP',7400,0.15,148,80);
INSERT INTO EMPLOYEES3 VALUES(172,'Elizabeth','Bates','EBATES','011.44.1343.529268',TO_DATE('07/03/24', 'YY/MM/DD'),'SA_REP',7300,0.15,148,80);
INSERT INTO EMPLOYEES3 VALUES(173,'Sundita','Kumar','SKUMAR','011.44.1343.329268',TO_DATE('08/04/21', 'YY/MM/DD'),'SA_REP',6100,0.1,148,80);
INSERT INTO EMPLOYEES3 VALUES(174,'Ellen','Abel','EABEL','011.44.1644.429267',TO_DATE('04/05/11', 'YY/MM/DD'),'SA_REP',11000,0.3,149,80);
INSERT INTO EMPLOYEES3 VALUES(175,'Alyssa','Hutton','AHUTTON','011.44.1644.429266',TO_DATE('05/03/19', 'YY/MM/DD'),'SA_REP',8800,0.25,149,80);
INSERT INTO EMPLOYEES3 VALUES(176,'Jonathon','Taylor','JTAYLOR','011.44.1644.429265',TO_DATE('06/03/24', 'YY/MM/DD'),'SA_REP',8600,0.2,149,80);
INSERT INTO EMPLOYEES3 VALUES(177,'Jack','Livingston','JLIVINGS','011.44.1644.429264',TO_DATE('06/04/23', 'YY/MM/DD'),'SA_REP',8400,0.2,149,80);
INSERT INTO EMPLOYEES3 VALUES(178,'Kimberely','Grant','KGRANT','011.44.1644.429263',TO_DATE('07/05/24', 'YY/MM/DD'),'SA_REP',7000,0.15,149,NULL);
INSERT INTO EMPLOYEES3 VALUES(179,'Charles','Johnson','CJOHNSON','011.44.1644.429262',TO_DATE('08/01/04', 'YY/MM/DD'),'SA_REP',6200,0.1,149,80);
INSERT INTO EMPLOYEES3 VALUES(180,'Winston','Taylor','WTAYLOR','650.507.9876',TO_DATE('06/01/24', 'YY/MM/DD'),'SH_CLERK',3200,NULL,120,50);
INSERT INTO EMPLOYEES3 VALUES(181,'Jean','Fleaur','JFLEAUR','650.507.9877',TO_DATE('06/02/23', 'YY/MM/DD'),'SH_CLERK',3100,NULL,120,50);
INSERT INTO EMPLOYEES3 VALUES(182,'Martha','Sullivan','MSULLIVA','650.507.9878',TO_DATE('07/06/21', 'YY/MM/DD'),'SH_CLERK',2500,NULL,120,50);
INSERT INTO EMPLOYEES3 VALUES(183,'Girard','Geoni','GGEONI','650.507.9879',TO_DATE('08/02/03', 'YY/MM/DD'),'SH_CLERK',2800,NULL,120,50);
INSERT INTO EMPLOYEES3 VALUES(184,'Nandita','Sarchand','NSARCHAN','650.509.1876',TO_DATE('04/01/27', 'YY/MM/DD'),'SH_CLERK',4200,NULL,121,50);
INSERT INTO EMPLOYEES3 VALUES(185,'Alexis','Bull','ABULL','650.509.2876',TO_DATE('05/02/20', 'YY/MM/DD'),'SH_CLERK',4100,NULL,121,50);
INSERT INTO EMPLOYEES3 VALUES(186,'Julia','Dellinger','JDELLING','650.509.3876',TO_DATE('06/06/24', 'YY/MM/DD'),'SH_CLERK',3400,NULL,121,50);
INSERT INTO EMPLOYEES3 VALUES(187,'Anthony','Cabrio','ACABRIO','650.509.4876',TO_DATE('07/02/07', 'YY/MM/DD'),'SH_CLERK',3000,NULL,121,50);
INSERT INTO EMPLOYEES3 VALUES(188,'Kelly','Chung','KCHUNG','650.505.1876',TO_DATE('05/06/14', 'YY/MM/DD'),'SH_CLERK',3800,NULL,122,50);
INSERT INTO EMPLOYEES3 VALUES(189,'Jennifer','Dilly','JDILLY','650.505.2876',TO_DATE('05/08/13', 'YY/MM/DD'),'SH_CLERK',3600,NULL,122,50);
INSERT INTO EMPLOYEES3 VALUES(190,'Timothy','Gates','TGATES','650.505.3876',TO_DATE('06/07/11', 'YY/MM/DD'),'SH_CLERK',2900,NULL,122,50);
INSERT INTO EMPLOYEES3 VALUES(191,'Randall','Perkins','RPERKINS','650.505.4876',TO_DATE('07/12/19', 'YY/MM/DD'),'SH_CLERK',2500,NULL,122,50);
INSERT INTO EMPLOYEES3 VALUES(192,'Sarah','Bell','SBELL','650.501.1876',TO_DATE('04/02/04', 'YY/MM/DD'),'SH_CLERK',4000,NULL,123,50);
INSERT INTO EMPLOYEES3 VALUES(193,'Britney','Everett','BEVERETT','650.501.2876',TO_DATE('05/03/03', 'YY/MM/DD'),'SH_CLERK',3900,NULL,123,50);
INSERT INTO EMPLOYEES3 VALUES(194,'Samuel','McCain','SMCCAIN','650.501.3876',TO_DATE('06/07/01', 'YY/MM/DD'),'SH_CLERK',3200,NULL,123,50);
INSERT INTO EMPLOYEES3 VALUES(195,'Vance','Jones','VJONES','650.501.4876',TO_DATE('07/03/17', 'YY/MM/DD'),'SH_CLERK',2800,NULL,123,50);
INSERT INTO EMPLOYEES3 VALUES(196,'Alana','Walsh','AWALSH','650.507.9811',TO_DATE('06/04/24', 'YY/MM/DD'),'SH_CLERK',3100,NULL,124,50);
INSERT INTO EMPLOYEES3 VALUES(197,'Kevin','Feeney','KFEENEY','650.507.9822',TO_DATE('06/05/23', 'YY/MM/DD'),'SH_CLERK',3000,NULL,124,50);
INSERT INTO EMPLOYEES3 VALUES(198,'Donald','OConnell','DOCONNEL','650.507.9833',TO_DATE('07/06/21', 'YY/MM/DD'),'SH_CLERK',2600,NULL,124,50);
INSERT INTO EMPLOYEES3 VALUES(199,'Douglas','Grant','DGRANT','650.507.9844',TO_DATE('08/01/13', 'YY/MM/DD'),'SH_CLERK',2600,NULL,124,50);
INSERT INTO EMPLOYEES3 VALUES(200,'Jennifer','Whalen','JWHALEN','515.123.4444',TO_DATE('03/09/17', 'YY/MM/DD'),'AD_ASST',4400,NULL,101,10);
INSERT INTO EMPLOYEES3 VALUES(201,'Michael','Hartstein','MHARTSTE','515.123.5555',TO_DATE('04/02/17', 'YY/MM/DD'),'MK_MAN',13000,NULL,100,20);
INSERT INTO EMPLOYEES3 VALUES(202,'Pat','Fay','PFAY','603.123.6666',TO_DATE('05/08/17', 'YY/MM/DD'),'MK_REP',6000,NULL,201,20);
INSERT INTO EMPLOYEES3 VALUES(203,'Susan','Mavris','SMAVRIS','515.123.7777',TO_DATE('02/06/07', 'YY/MM/DD'),'HR_REP',6500,NULL,101,40);
INSERT INTO EMPLOYEES3 VALUES(204,'Hermann','Baer','HBAER','515.123.8888',TO_DATE('02/06/07', 'YY/MM/DD'),'PR_REP',10000,NULL,101,70);
INSERT INTO EMPLOYEES3 VALUES(205,'Shelley','Higgins','SHIGGINS','515.123.8080',TO_DATE('02/06/07', 'YY/MM/DD'),'AC_MGR',12008,NULL,101,110);
INSERT INTO EMPLOYEES3 VALUES(206,'William','Gietz','WGIETZ','515.123.8181',TO_DATE('02/06/07', 'YY/MM/DD'),'AC_ACCOUNT',8300,NULL,205,110);

-- 확인
SELECT *
FROM EMPLOYEES3;
----------------------------------------------------------------------------------------------------------------------------------------------------
-- JOBS_HISTORY3
-- JOBS_HISTORY3 테이블 생성
CREATE TABLE JOB_HISTORY3
(EMPLOYEE_ID        NUMBER(6)   CONSTRAINT"JHIST3_EMPLOYEE_NN" NOT NULL
,START_DATE         DATE        CONSTRAINT"JHIST3_START_DATE_NN" NOT NULL
,END_DATE           DATE        CONSTRAINT"JHIST3_END_DATE_NN"NOT NULL
,JOB_ID             VARCHAR(10) CONSTRAINT"JHIST3_JOB_NN"NOT NULL
,DEPARTMENT_ID      NUMBER(4)
);


-- 제약조건 추가
ALTER TABLE JOB_HISTORY3
ADD (CONSTRAINT "JHIST3_DATE_INTERVAL" CHECK (end_date > start_date));

ALTER TABLE JOB_HISTORY3
ADD(CONSTRAINT "JHIST3_EMP_ID_ST_DATE_PK" PRIMARY KEY(EMPLOYEE_ID,START_DATE));

ALTER TABLE JOB_HISTORY3
ADD(CONSTRAINT "JHIST3_JOB_FK" FOREIGN KEY(JOB_ID)
                               REFERENCES JOBS3(JOB_ID));
ALTER TABLE JOB_HISTORY3
ADD(CONSTRAINT "JHIST3_EMP_FK" FOREIGN KEY(EMPLOYEE_ID)
                               REFERENCES EMPLOYEES3(EMPLOYEE_ID));              
ALTER TABLE JOB_HISTORY3
ADD(CONSTRAINT "JHIST3_DEPT_FK" FOREIGN KEY(DEPARTMENT_ID)
                               REFERENCES DEPARTMENTS3(DEPARTMENT_ID));        

-- 제약조건 확인
SELECT *
FROM VIEW_CONSTCHECK
WHERE TABLE_NAME='JOB_HISTORY';


-- 테이블 확인
SELECT *
FROM JOB_HISTORY;


-- 데이터 추가
INSERT INTO JOB_HISTORY3 (EMPLOYEE_ID, START_DATE, END_DATE, JOB_ID, DEPARTMENT_ID) VALUES (102,'01/01/13','06/07/24','IT_PROG',60);
INSERT INTO JOB_HISTORY3 (EMPLOYEE_ID, START_DATE, END_DATE, JOB_ID, DEPARTMENT_ID) VALUES (101,'97/09/21','01/10/27','AC_ACCOUNT',110);
INSERT INTO JOB_HISTORY3 (EMPLOYEE_ID, START_DATE, END_DATE, JOB_ID, DEPARTMENT_ID) VALUES (101,'01/10/28','05/03/15','AC_MGR',110);
INSERT INTO JOB_HISTORY3 (EMPLOYEE_ID, START_DATE, END_DATE, JOB_ID, DEPARTMENT_ID) VALUES (201,'04/02/17','07/12/19','MK_REP',20); 
INSERT INTO JOB_HISTORY3 (EMPLOYEE_ID, START_DATE, END_DATE, JOB_ID, DEPARTMENT_ID) VALUES (114,'06/03/24','07/12/31','ST_CLERK',50);
INSERT INTO JOB_HISTORY3 (EMPLOYEE_ID, START_DATE, END_DATE, JOB_ID, DEPARTMENT_ID) VALUES (122,'07/01/01','07/12/31','ST_CLERK',50); 
INSERT INTO JOB_HISTORY3 (EMPLOYEE_ID, START_DATE, END_DATE, JOB_ID, DEPARTMENT_ID) VALUES (200,'95/09/17','01/06/17','AD_ASST',90); 
INSERT INTO JOB_HISTORY3 (EMPLOYEE_ID, START_DATE, END_DATE, JOB_ID, DEPARTMENT_ID) VALUES (176,'06/03/24','06/12/31','SA_REP',80); 
INSERT INTO JOB_HISTORY3 (EMPLOYEE_ID, START_DATE, END_DATE, JOB_ID, DEPARTMENT_ID) VALUES (176,'07/01/01','07/12/31','SA_MAN',80);
INSERT INTO JOB_HISTORY3 (EMPLOYEE_ID, START_DATE, END_DATE, JOB_ID, DEPARTMENT_ID) VALUES (200,'02/07/01','06/12/31','AC_ACCOUNT',90);

SELECT *
FROM JOB_HISTORY3;

-- 커밋
COMMIT;
--==>> 커밋 완료.
---------------------------------------------------------------------------------------------------------------------------------------